{"cameraMode":{"drawMode":0,"name":"Shaded","section":"Shading Mode"},"sceneLighting":true,"audioPlay":false,"sceneViewState":{"m_AlwaysRefresh":false,"showFog":true,"showSkybox":true,"showFlares":true,"showImageEffects":true,"showParticleSystems":true,"showVisualEffectGraphs":true,"m_FxEnabled":true},"in2DMode":false,"pivot":{"x":-107.44052124023438,"y":-17.220905303955079,"z":-20.548131942749025},"rotation":{"x":0.3545607328414917,"y":-0.46771615743637087,"z":0.2122444063425064,"w":0.7813359498977661},"size":155.33595275878907,"orthographic":false}